pre,post,# sections,synapse id,series
ADAR,ADAL,3,4881,NR
ADFL,ADAL,1,6070,VC
ADFL,ADAL,4,6051,VC
ADFR,ADAR,4,6057,VC
ADLR,ADLL,6,9658,NR
AFDL,ADFL,1,2391,NR
AFDL,ADFL,2,1791,NR
AFDR,ADFR,1,5705,NR
AFDR,ADFR,4,1797,NR
AFDR,AFDL,1,2401,NR
AIAR,ADFR,1,6110,VC
AIAR,ADFR,1,6118,VC
AIAR,"ADFR,AIAR",2,9307,VC
AIAR,AIAL,7,2404,NR
AIBL,AFDL,2,6099,VC
AIBL,AIAL,2,2405,NR
AIBL,AIAL,3,2423,NR
AIBR,AFDR,2,9945,VC
AINL,ADEL,2,5013,NR
AINR,ADER,4,3318,NR
AINR,AINL,1,3320,NR
AIYL,AFDL,2,2387,NR
AIYR,AIYL,4,3323,NR
AIZL,ADFL,1,1790,NR
AIZL,AIBR,1,2517,NR
AIZL,AIBR,2,2477,NR
AIZR,AIBL,1,2414,NR
AIZR,AIBL,3,2421,NR
AIZR,AIZL,9,3405,NR
AIZR,AIZL,9,6079,VC
ALNR,ADER,2,1787,NR
ASEL,AFDL,1,2390,NR
ASEL,AFDL,1,3703,NR
ASEL,AFDL,2,3715,NR
ASEL,AFDL,2,5706,NR
ASEL,AFDR,2,5630,NR
ASER,AFDR,1,2396,NR
ASGL,AIML,1,6053,VC
ASGL,AINR,1,9425,VC
ASGL,AIZL,3,9282,VC
ASGL,ASEL,3,1782,NR
ASGR,ADFR,1,3808,NR
ASGR,ADLR,1,1803,NR
ASGR,AIAR,1,2409,NR
ASGR,AIAR,2,3871,NR
ASGR,AINL,1,6083,VC
ASGR,AIZR,1,9284,VC
ASGR,ASER,3,3790,NR
ASHL,ADAL,2,9902,VC
ASHL,ADFL,1,5026,NR
ASHL,AIZL,2,9283,VC
ASHR,ADAR,3,6072,VC
ASHR,AFDR,2,2397,NR
ASHR,AFDR,2,2399,NR
ASHR,AIAR,1,3896,NR
ASHR,AIZR,3,6124,VC
ASHR,AIZR,3,9285,VC
ASHR,ASHL,3,3870,NR
ASHR,ASHL,4,3874,NR
ASIL,AIAL,1,9427,VC
ASIL,AINR,1,4057,NR
ASIR,AIAL,2,2407,NR
ASIR,AIAR,3,2410,NR
ASIR,AIYR,1,6086,VC
ASIR,ASGR,1,3806,NR
ASIR,ASGR,1,3810,NR
ASIR,ASGR,2,3809,NR
ASIR,ASIL,3,9809,NR
ASJL,AIAL,1,2406,NR
ASJL,ALA,2,3544,NR
ASJR,AIMR,1,3304,NR
ASJR,ASJL,7,4230,NR
ASKL,AIAL,1,5678,NR
ASKL,AIAL,1,5698,NR
ASKL,AIBL,1,5677,NR
ASKL,ASHL,1,9426,VC
ASKL,ASHL,2,3709,NR
ASKL,ASHL,2,3711,NR
ASKL,ASHL,2,3714,NR
ASKL,ASHL,3,3708,NR
ASKL,ASHL,3,3710,NR
ASKL,ASHL,5,3712,NR
ASKR,ADLR,1,9669,NR
ASKR,AIAR,1,3897,NR
ASKR,AIBR,1,9657,NR
ASKR,AIBR,2,9656,NR
ASKR,ALA,1,9668,NR
ASKR,"ASHR,ASKR",2,3895,NR
ASKR,ASKL,1,9659,NR
ASKR,ASKL,8,9664,NR
AUAL,AINR,3,6054,VC
AUAR,AINL,1,5629,NR
AUAR,AIYR,1,3330,NR
AUAR,AUAL,2,9262,NR
AVAR,AS03,1,7859,VC
AVAR,AS05,3,7534,VC
AVAR,AS06,1,9030,VC
AVAR,AS06,1,9033,VC
AVAR,ASHR,1,3329,NR
AVAR,ASHR,1,4772,NR
AVAR,AVAL,1,6973,VC
AVAR,AVAL,1,7161,VC
AVAR,AVAL,1,7670,VC
AVAR,AVAL,2,7162,VC
AVAR,AVAL,2,9263,NR
AVAR,AVAL,8,6937,VC
AVBL,AQR,3,6117,VC
AVBL,AS06,1,9032,VC
AVBL,AVAR,2,7160,VC
AVBR,AS05,2,10118,VC
AVBR,AS06,1,9031,VC
AVBR,AVBL,1,6961,VC
AVBR,AVBL,1,7679,VC
AVBR,AVBL,1,7925,VC
AVBR,AVBL,1,9028,VC
AVBR,AVBL,2,6089,VC
AVBR,AVBL,5,6488,VC
AVBR,AVBL,6,6100,VC
AVDL,ADAR,1,6145,VC
AVDL,ADAR,2,9259,NR
AVDL,AVAL,4,6144,VC
AVDR,ADAL,1,6137,VC
AVDR,ADAL,1,9253,NR
AVDR,ADLL,2,9254,NR
AVDR,ALMR,1,3124,NR
AVDR,ALMR,1,4874,NR
AVDR,AVAR,2,6557,VC
AVDR,AVDL,2,7928,VC
AVEL,AFDL,1,2388,NR
AVEL,AS01,2,6921,VC
AVEL,AVAL,1,6496,VC
AVEL,AVAL,1,8988,VC
AVER,ALA,3,3537,NR
AVER,AS01,1,9242,VC
AVER,ASHR,1,3900,NR
AVER,AVAR,2,4768,NR
AVER,AVEL,5,4877,NR
AVFR,AVFL,1,6131,VC
AVFR,AVFL,1,6208,VC
AVFR,AVFL,1,6692,VC
AVFR,AVFL,1,7676,VC
AVFR,AVFL,1,7852,VC
AVFR,AVFL,1,9029,VC
AVFR,AVFL,1,9237,VC
AVFR,AVFL,2,6596,VC
AVFR,AVFL,2,6597,VC
AVFR,AVFL,2,6693,VC
AVFR,AVFL,2,6912,VC
AVFR,AVFL,2,6941,VC
AVFR,AVFL,2,6956,VC
AVFR,AVFL,3,6622,VC
AVFR,AVFL,3,6917,VC
AVFR,AVFL,4,6913,VC
AVHL,ASHR,2,5030,NR
AVHL,ASKL,1,1775,NR
AVHL,ASKL,7,4467,NR
AVHL,AVDL,1,6214,VC
AVHL,AVDL,1,6215,VC
AVHL,AVFL,1,6958,VC
AVHL,AVFL,1,9241,VC
AVHL,AVFR,1,6922,VC
AVHL,AVFR,1,6957,VC
AVHL,AVFR,1,7527,VC
AVHL,AVFR,1,7539,VC
AVHL,AVFR,2,6598,VC
AVHR,ASKR,1,3325,NR
AVHR,ASKR,9,3317,NR
AVHR,AVFL,1,7537,VC
AVHR,AVFR,1,6694,VC
AVHR,AVFR,1,6919,VC
AVHR,AVFR,1,6940,VC
AVHR,AVFR,1,6942,VC
AVHR,AVFR,1,6943,VC
AVHR,AVFR,2,6920,VC
AVHR,AVHL,1,7858,VC
AVHR,AVHL,1,9230,VC2
AVJL,AVDR,1,9231,VC2
AVJL,AVHR,3,6945,VC
AVJR,ADER,1,1785,NR
AVJR,AVDL,1,8166,VC
AVJR,AVJL,1,6946,VC
AVJR,AVJL,1,7528,VC
AVJR,AVJL,1,9233,VC2
AVJR,AVJL,2,7524,VC
AVKL,ADER,4,6140,VC
AVKL,AIYL,1,6201,VC
AVKL,AQR,3,6090,VC
AVKL,AQR,4,6141,VC
AVKR,AIMR,3,6203,VC
AVKR,AQR,2,6091,VC
AVKR,AVER,1,5021,NR
AVKR,AVKL,3,5014,NR
AVKR,AVKL,3,5022,NR
AVKR,AVKL,3,6127,VC
AVL.,AVEL,1,6472,VC
AVL.,AVKL,1,3403,NR
AVL.,AVKL,2,3402,NR
AVM,ALML,2,918,NR
AVM,ALML,5,912,NR
AVM,ALMR,16,913,NR
AVM,AVDL,2,5025,NR
AVM,AVDL,6,6395,VC
AWAL,ADLL,1,3707,NR
AWAL,AIAL,1,9906,VC
AWAL,AIZL,3,6085,VC
AWAR,"ADFR,AIAR",3,6103,VC
AWAR,AIZR,3,9286,VC
AWAR,AWAL,2,5027,NR
AWBL,AIAL,1,6111,VC
AWBL,ASGL,1,3802,NR
AWBL,AUAL,4,6128,VC
AWBR,ADFR,1,1798,NR
AWBR,ASER,1,3727,NR
AWBR,AUAR,3,6121,VC
AWBR,AWBL,3,5029,NR
AWCL,ADFL,1,1793,NR
AWCL,ASEL,1,6084,VC
AWCL,AUAL,1,3702,NR
AWCR,AFDR,3,2398,NR
AWCR,AIAL,1,2403,NR
AWCR,AIAR,1,2411,NR
AWCR,ASEL,1,3954,NR
AWCR,ASEL,1,3955,NR
AWCR,ASGR,2,3872,NR
BAGL,AINR,3,3321,NR
BAGR,AVEL,1,9617,NR
BAGR,BAGL,1,5370,NR
BDUL,ALML,1,5031,NR
BDUR,ALMR,1,5032,NR
CEPVR,AIMR,1,5554,NR
CEPshVL,ASIL,1,4058,NR
CEPshVL,CEPVL,1,7002,NR
DA01,AVAL,2,6551,VC
DA01,AVAR,1,6301,VC
DA01,AVAR,4,6300,VC
DA01,AVAR,4,6302,VC
DA01,AVER,1,6624,VC
DA02,AS02,2,8186,DC
DA02,AS03,1,9942,DC
DA02,AVAL,1,6938,VC
DA02,AVAL,1,6967,VC
DA02,AVAL,1,7922,VC
DA02,AVAL,2,6628,VC
DA02,AVAL,2,6970,VC
DA02,AVAR,3,6974,VC
DA02,DA01,1,8405,DC
DA03,AS04,1,8496,DC
DA03,AS04,1,10208,DC
DA03,AS04,1,10212,DC
DA03,AVAL,1,8167,VC
DA03,AVAL,2,7860,VC
DA03,AVAL,3,7856,VC
DA03,AVAR,1,6929,VC
DA03,AVAR,1,8170,VC
DA03,AVAR,2,9557,VC
DA03,AVAR,3,6928,VC
DA04,AVAL,1,7535,VC
DA04,AVAL,1,7536,VC
DA04,AVAR,1,7546,VC
DA04,AVAR,1,8169,VC
DA04,DA03,1,10214,DC
DA05,AS06,1,8842,DC
DA05,AS06,1,8843,DC
DA05,AS06,1,8845,DC
DA05,AS06,2,8846,DC
DA05,AVAL,2,7167,VC
DA05,AVAR,1,9228,VC2
DA05,AVAR,4,9234,VC2
DA05,DA02,1,8417,DC
DA05,DA03,1,8829,DC
DA06,AVAL,1,9227,VC2
DB01,AVBR,1,6638,VC
DB01,AVBR,3,6637,VC
DB01,AVBR,11,6122,VC
DB01,DA06,1,8825,DC
DB02,AVBR,6,9917,VC
DB02,DB01,1,8410,DC
DB02,DB01,1,8497,DC
DB02,DB01,1,8840,DC
DB02,DB01,2,9559,DC
DB03,AVBL,9,7924,VC
DB03,AVBR,2,7923,VC
DB03,DB02,1,8830,DC
DB03,DB02,1,8833,DC
DB03,DB02,1,9225,DC
DB03,DB02,1,10216,DC
DB03,DB02,1,10231,DC
DB03,DB02,1,10232,DC
DB03,DB02,3,9558,DC
DB03,DB02,5,10211,DC
DB04,AVBL,4,7844,VC
DB04,AVBR,1,7845,VC
DB04,AVBR,4,7843,VC
DB04,DB03,1,8841,DC
DB05,AVBL,3,7269,VC
DB05,AVBR,1,7166,VC
DD02,DD01,6,6954,VC
DD03,DB03,1,8836,DC
DD03,DB04,1,8844,DC
DD03,DD02,1,7853,VC
DD03,DD02,1,8834,DC
DD04,DD03,1,7530,VC
DD04,DD03,2,7529,VC
DROP-blue-103,AVKL,1,7846,VC
DROP-d-blue-44,DB01,1,8837,DC
DROP-d-blue-48,DB02,1,8847,DC
DROP-d-blue-49,DA05,1,8849,DC
DROP[ceph],AFDR,1,2395,NR
DVA,AVBL,11,6062,VC
DVA,AVBR,3,6075,VC
DVA,AVKL,1,7163,VC
DVA,AVKL,1,7164,VC
DVA,AVKL,1,7165,VC
DVA,AVKL,1,9226,VC2
DVA,AVKL,3,10238,VC2
DVA,DB01,3,8987,VC
DVC,AIBL,2,6064,VC
DVC,AIBR,2,9520,NR
DVC,AIBR,2,9680,VC
DVC,AIBR,5,6050,VC
FLPL,AIBL,1,9424,VC
FLPL,AVDL,1,2850,NR
FLPL,AVDL,4,9267,NR
FLPL,DD01,1,8181,DC
FLPR,ADER,4,3807,NR
FLPR,AS01,1,8178,DC
FLPR,AVDL,3,9238,VC
FLPR,AVDL,6,6468,VC
FLPR,AVDR,2,3319,NR
FLPR,DA01,5,8177,DC
FLPR,DA02,6,8179,DC
FLPR,DA03,2,5343,NR
FLPR,DA03,14,8180,DC
FLPR,FLPL,1,9674,VC
FLPR,FLPL,2,6216,VC
FLPR,FLPL,3,6489,VC
GLRDR,CEPDR,2,1780,NR
HSNL,ASKL,1,5665,NR
HSNR,ALA,1,9662,NR
HSNR,ASKR,1,9665,NR
HSNR,ASKR,2,9655,NR
HSNR,BDUR,1,6078,VC
HSNR,HSNL,1,5059,NR
IL1DR,IL1DL,1,5598,NR
IL1DR,IL1DL,2,5559,NR
IL1L,IL1DL,2,5557,NR
IL1R,IL1DR,2,5565,NR
IL1R,IL1DR,6,5558,NR
IL1VL,IL1L,1,9430,NR
IL1VL,IL1L,3,5570,NR
IL1VL,IL1L,4,5569,NR
IL1VR,IL1R,1,5576,NR
IL1VR,IL1R,2,5564,NR
IL1VR,IL1R,2,5573,NR
IL1VR,IL1R,3,5566,NR
IL1VR,IL1VL,11,5568,NR
IL2L,ADEL,1,4139,NR
IL2L,ADEL,1,9694,NR
IL2L,ASJL,1,4231,NR
IL2VR,CEPVR,1,1783,NR
IL2VR,IL1VR,1,1784,NR
OLLL,IL2L,2,5340,NR
OLLR,OLLL,1,5352,NR
OLLR,OLLL,1,5549,NR
OLLR,OLLL,2,5351,NR
OLLR,OLLL,3,5351,NR
OLLR,OLLL,4,5350,NR
OLQDL,CEPDL,2,5535,NR
OLQDR,CEPDR,2,9248,NR
OLQDR,CEPDR,6,5542,NR
OLQVL,ADAL,4,4776,NR
OLQVL,CEPVL,1,5361,NR
OLQVL,CEPVL,3,5544,NR
OLQVR,CEPVR,1,961,NR
PVCL,AVAL,1,5344,NR
PVCL,AVJL,3,8995,VC
PVCL,AVJR,1,5012,NR
PVCL,AVJR,2,5011,NR
PVCL,DA04,1,7545,VC
PVCL,DVA,1,10476,VC
PVCR,AVAL,1,7674,VC
PVCR,AVAL,2,6493,VC
PVCR,AVAR,1,6971,VC
PVCR,AVJL,1,5009,NR
PVCR,AVJL,1,5010,NR
PVCR,AVJL,1,9058,VC
PVCR,AVJL,2,5008,NR
PVCR,AVJL,2,6552,VC
PVCR,AVJL,2,9290,VC
PVCR,AVJL,4,6408,VC
PVCR,AVJL,5,6227,VC
PVCR,AVJR,1,10287,NR
PVCR,PVCL,1,6948,VC
PVCR,PVCL,1,6950,VC
PVCR,PVCL,1,6959,VC
PVCR,PVCL,1,8168,VC
PVCR,PVCL,2,6926,VC
PVCR,PVCL,2,6947,VC
PVCR,PVCL,3,6630,VC
PVCR,PVCL,3,6949,VC
PVCR,PVCL,3,6960,VC
PVCR,PVCL,5,9428,VC
PVDL,DA03,1,8832,DC
PVDL,DA05,1,10213,DC
PVDL,DB01,1,10233,DC
PVDL,DROP-d-blue-44,1,8848,DC
PVDL,DROP-d-blue-44,1,10236,DC
PVDR,AS03,1,8828,DC
PVM,ADER,1,9912,VC
PVNL,BDUL,1,5702,NR
PVNR,AVFL,1,6066,VC
PVNR,HSNR,2,9057,VC
PVNR,PVNL,1,6109,VC
PVPL,AIBR,2,5533,NR
PVPL,AQR,1,1231,NR
PVPL,AQR,1,3310,NR
PVPL,AQR,1,3559,NR
PVPL,AQR,1,10283,NR
PVPL,AQR,2,10289,NR
PVPL,AQR,2,10290,VC
PVPL,AQR,3,3453,NR
PVPL,AQR,5,10284,NR
PVPL,AQR,6,10291,VC
PVPL,AQR,8,10286,VC
PVPL,AQR,10,1232,NR
PVPL,AQR,11,10285,NR
PVPL,AVAL,1,4240,NR
PVPL,AVFL,1,6207,VC
PVPL,AVFR,2,6225,VC
PVPL,AVKL,1,6113,VC
PVPL,AVKL,2,6102,VC
PVPL,AVKR,1,6135,VC
PVPL,AVKR,1,6932,VC
PVPL,AVKR,1,6953,VC
PVPL,AVKR,1,7519,VC
PVPL,AVKR,1,7864,VC
PVPL,AVKR,1,10288,VC
PVPL,AVKR,1,10337,LEF
PVPL,AVKR,2,10334,LEF
PVPL,AVKR,7,6120,VC
PVPL,HSNL,1,6930,VC
PVPL,PVPL,1,3542,NR
PVPL,PVPL,1,6933,VC
PVPR,AQR,1,4279,NR
PVPR,AQR,1,4280,NR
PVPR,AQR,1,4281,NR
PVPR,AQR,1,6045,NR
PVPR,AQR,1,6107,VC
PVPR,AQR,1,6116,VC
PVPR,AQR,1,8992,VC
PVPR,AQR,2,3597,NR
PVPR,AQR,2,6115,VC
PVPR,AQR,2,6397,VC
PVPR,AQR,2,6546,VC
PVPR,AQR,3,3596,NR
PVPR,AQR,3,3598,NR
PVPR,AQR,3,6204,VC
PVPR,AQR,3,8993,VC
PVPR,AQR,3,8994,VC
PVPR,AQR,4,4278,NR
PVPR,AQR,5,6080,VC
PVPR,AQR,5,6101,VC
PVPR,AQR,17,6095,VC
PVPR,AVAL,2,6545,VC
PVPR,AVEL,1,6220,VC
PVPR,AVKL,1,6151,VC
PVPR,AVKL,5,6150,VC
PVPR,AVL.,1,7863,VC
PVPR,DVC,1,6205,VC
PVPR,DVC,1,7521,VC
PVPR,DVC,1,7532,VC
PVPR,DVC,1,7672,VC
PVPR,DVC,1,7929,VC
PVPR,DVC,2,7522,VC
PVPR,DVC,2,7533,VC
PVPR,DVC,2,10032,VC
PVPR,HSNR,1,6944,VC
PVPR,PVPL,1,9909,NR
PVQL,ADAL,2,6138,VC
PVQL,ADAL,2,6226,VC
PVQL,ASJL,1,4294,NR
PVQL,ASKL,1,5664,NR
PVQL,ASKL,1,5700,NR
PVQL,ASKL,1,6081,VC
PVQL,ASKL,5,5676,NR
PVQL,AVFR,2,6465,VC
PVQL,AVKR,2,6931,VC
PVQR,ADAR,2,6229,VC
PVQR,ADER,2,6228,VC
PVQR,ASER,1,9660,NR
PVQR,ASJR,2,9666,NR
PVQR,ASJR,3,9661,NR
PVQR,ASKR,3,3875,NR
PVQR,ASKR,3,9663,NR
PVQR,ASKR,5,6071,VC
PVQR,ASKR,5,9667,NR
PVQR,ASKR,9,6047,VC
PVQR,AVFL,4,6696,VC
PVQR,DVC,1,6918,VC
PVR.,ALML,1,5553,NR
PVR.,ALML,2,5552,NR
PVR.,ALMR,3,5334,NR
PVR.,AVM,1,7851,VC
PVR.,AVM,3,6915,VC
PVR.,BDUR,3,5520,NR
PVT,AIBR,1,4781,NR
PVT,AVG,1,7680,VC
PVT,AVG,1,7926,VC
PVT,AVKL,2,5019,NR
PVT,AVKL,3,4761,NR
PVT,AVKR,1,6082,VC
PVT,DVC,1,6691,VC
RIAL,ADFL,1,1789,NR
RIAL,AINR,2,3706,NR
RIBL,AVBL,6,8948,VC
RIBL,AVBR,3,9266,NR
RIBL,OLQDL,2,5383,NR
RIBL,OLQDL,3,5384,NR
RIBL,OLQVL,2,5364,NR
RIBL,RIAL,1,5526,NR
RIBL,RIBL,3,5381,NR
RIBR,AVBL,2,4775,NR
RIBR,AVBR,3,6123,VC
RIBR,OLQDR,2,5376,NR
RIBR,OLQDR,3,9250,NR
RIBR,OLQVR,1,5656,NR
RIBR,OLQVR,5,5365,NR
RIBR,RIBL,2,5378,NR
RIBR,RIBL,6,5371,NR
RIBR,RIBL,7,5374,NR
RIBR,RIBR,5,4879,NR
RICL,ASHL,1,9281,VC
RICL,ASHL,4,9280,VC
RICL,AVKR,4,3431,NR
RICL,AWBR,4,3303,NR
RICR,AIBR,1,2478,NR
RICR,ASHR,1,9522,VC
RICR,ASHR,3,6125,VC
RICR,AVKL,2,9810,NR
RID,ALA,1,3536,NR
RID,ALA,1,3538,NR
RID,ALA,1,3539,NR
RID,ALA,1,3546,NR
RID,AVBL,2,6129,VC
RID,AVBR,2,9256,NR
RID,AVBR,2,9615,NR
RID,AVBR,3,3332,NR
RID,DB01,2,8826,DC
RID,DB03,1,8838,DC
RID,RID,5,8182,DC
RIFL,AVDL,1,4876,NR
RIFL,AVER,1,6221,VC
RIFL,HSNL,1,6206,VC
RIFR,AVG,1,8950,VC
RIFR,AVG,2,8991,VC
RIFR,AVJL,1,6217,VC
RIFR,DD01,2,6466,VC
RIGL,AIBR,1,8855,NR
RIGL,AIBR,2,5532,NR
RIGL,AIZL,1,4880,NR
RIGL,AVKL,2,9288,VC
RIGL,BAGL,1,9616,NR
RIGL,OLLL,1,4777,NR
RIGL,OLLL,2,4778,NR
RIGL,OLQDL,3,5608,NR
RIGL,OLQVL,2,5536,NR
RIGL,PVPL,2,3311,NR
RIGL,RIBL,3,5385,NR
RIGR,ADEL,1,6114,VC
RIGR,AIBL,1,5366,NR
RIGR,AIBL,2,8949,NR
RIGR,AQR,3,9257,NR
RIGR,AVKL,1,5017,NR
RIGR,AVKR,2,6146,VC
RIGR,BAGL,2,5527,NR
RIGR,OLLR,1,4763,NR
RIGR,OLLR,4,4762,NR
RIGR,OLQDR,4,9251,NR
RIGR,OLQVR,6,4474,NR
RIGR,RIBR,1,5372,NR
RIGR,RIBR,1,5373,NR
RIGR,RIGL,2,6541,VC
RIGR,RIGL,3,6470,VC
RIGR,RIGL,4,6055,VC
RIGR,RIGL,5,6558,VC
RIGR,RIGL,8,4472,NR
RIGR,RIGL,11,6417,VC
RIGR,RIGL,14,6087,VC
RIGR,RIGL,14,6303,VC
RIGR,RIGL,20,2962,NR
RIH,ADFR,1,1777,NR
RIH,AIZL,1,911,NR
RIH,CEPVL,1,4603,NR
RIH,FLPL,1,9035,VC
RIH,OLQDR,2,9246,NR
RIML,AIBR,2,6069,VC
RIML,AIYL,5,6108,VC
RIML,AVAR,1,4554,NR
RIML,AVAR,1,4555,NR
RIML,AVAR,1,4556,NR
RIML,AVAR,5,9517,NR
RIML,AVEL,2,921,NR
RIML,AVEL,3,9268,NR
RIML,AVEL,5,920,NR
RIML,AVER,1,9801,VC
RIML,AVER,1,9802,VC
RIML,AVER,2,5388,NR
RIML,AVER,7,6094,VC
RIMR,AIBL,1,9423,VC
RIMR,AIYR,1,9499,VC
RIMR,AIYR,2,6097,VC
RIMR,AVAL,2,4475,NR
RIMR,AVAL,3,9516,NR
RIMR,AVAL,6,9009,NR
RIMR,AVAR,1,3334,NR
RIMR,AVAR,1,8884,NR
RIMR,AVEL,2,4478,NR
RIMR,AVEL,5,6096,VC
RIMR,AVER,1,1781,NR
RIMR,AVER,1,4485,NR
RIMR,AVER,2,5338,NR
RIMR,AVER,7,4484,NR
RIMR,AVKR,1,5023,NR
RIPL,ADFL,2,1795,NR
RIPL,IL1L,1,5342,NR
RIPL,RIPL,4,5540,NR
RIPR,GLRR,1,5050,NR
RIPR,GLRR,1,5051,NR
RIPR,GLRR,3,9247,NR
RIPR,RIPL,2,3953,NR
RIR,BAGL,4,3464,NR
RIR,BAGR,1,3452,NR
RIR,BAGR,4,1778,NR
RIS,AIBL,1,2413,NR
RIS,AIBR,3,2518,NR
RIS,AVEL,1,4878,NR
RIS,AVEL,1,8999,VC
RIS,AVEL,1,9000,VC
RIS,AVJL,1,8997,VC
RIS,AVJL,1,8998,VC
RIS,AVJL,1,9289,VC
RIS,AVJL,4,8996,VC
RIS,AVJL,8,6154,VC
RIS,RIML,2,919,NR
RIS,RIMR,2,9270,NR
RIVL,AIBL,1,9734,NR
RIVR,AIBR,1,10489,NR
RIVR,RIVL,1,8886,NR
RIVR,RIVL,1,10486,NR
RIVR,RIVL,2,4329,NR
RIVR,RIVL,2,4330,NR
RIVR,RIVL,3,4332,NR
RIVR,RIVL,3,10515,NR
RIVR,RIVL,4,4331,NR
RIVR,RIVL,12,6059,VC
RMDDL,AVER,2,4773,NR
RMDDL,IL1VL,1,4233,NR
RMDDL,OLQVL,1,5588,NR
RMDDL,OLQVL,2,5363,NR
RMDDL,RIAR,1,4118,NR
RMDDR,ADEL,1,5603,NR
RMDDR,ALML,2,4875,NR
RMDDR,OLQVR,1,9905,NR
RMDDR,RIAR,1,3789,NR
RMDL,RIML,1,922,NR
RMDL,RMDDL,1,8854,NR
RMDR,AVAR,1,4769,NR
RMDR,AVAR,1,4770,NR
RMDR,AVER,1,5411,NR
RMDR,AVER,4,5410,NR
RMDR,RIS,1,3404,NR
RMDVL,AUAL,1,3705,NR
RMDVL,AUAL,1,3803,NR
RMDVL,AVER,1,5382,NR
RMDVL,OLQDL,1,5586,NR
RMDVL,OLQVR,2,962,NR
RMDVL,RMDDL,2,9274,NR
RMDVL,RMDL,1,4138,NR
RMDVR,AFDR,1,3713,NR
RMDVR,AVAR,1,3328,NR
RMDVR,AVEL,1,5582,NR
RMDVR,AVEL,1,9523,NR
RMDVR,AVER,7,1143,NR
RMDVR,IL1DR,1,5560,NR
RMDVR,OLQDR,1,5358,NR
RMDVR,RMDDR,2,1142,NR
RMDVR,RMDDR,3,1142,NR
RMDVR,RMDR,1,4117,NR
RMED,AIBL,2,2420,NR
RMED,GLRDL,6,4479,NR
RMED,GLRDR,4,4476,NR
RMED,GLRDR,5,4477,NR
RMED,IL1VL,1,5572,NR
RMED,IL1VL,2,9255,NR
RMED,IL2DR,1,4480,NR
RMED,RIPL,2,5571,NR
RMED,RIPR,2,5589,NR
RMED,RIPR,2,5590,NR
RMEL,GLRL,10,5048,NR
RMEL,RIGL,1,3898,NR
RMEL,RIGL,1,3899,NR
RMER,ADEL,1,5412,NR
RMER,GLRR,10,4469,NR
RMER,IL1L,1,9431,NR
RMER,IL2L,1,5413,NR
RMER,IL2L,1,5575,NR
RMEV,AVEL,1,3701,NR
RMEV,AVER,1,5599,NR
RMEV,GLRVL,4,4873,NR
RMEV,GLRVL,5,4886,NR
RMEV,GLRVR,17,4887,NR
RMEV,IL1DL,1,9524,NR
RMEV,IL1DR,1,5561,NR
RMEV,IL1DR,3,5562,NR
RMEV,PVT,1,4882,NR
RMEV,RIBL,2,4884,NR
RMEV,RIS,1,4883,NR
RMEV,RMED,1,5591,NR
RMEV,RMED,1,5592,NR
RMEV,RMED,1,5593,NR
RMEV,RMED,1,9249,NR
RMEV,RMED,2,9276,NR
RMEV,RMEL,1,5581,NR
RMEV,RMEL,1,5596,NR
RMEV,RMEL,2,5597,NR
RMEV,RMER,1,5594,NR
RMFL,RIGL,1,2777,NR
RMFL,RIGR,1,4765,NR
RMFL,RIML,1,9612,NR
RMFL,RIML,2,2779,NR
RMGL,ADLL,3,5704,NR
RMGL,ALML,3,2738,NR
RMGL,ASHL,3,3873,NR
RMGL,AVEL,2,2740,NR
RMGL,AVFR,1,2736,NR
RMGL,AWBL,1,5028,NR
RMGL,IL2L,5,2739,NR
RMGL,RMDDR,1,2741,NR
RMGR,ALNR,1,3117,NR
RMGR,ASHR,1,2696,NR
RMGR,ASHR,2,2697,NR
RMGR,ASKR,1,6046,VC
RMGR,AWBR,1,5006,NR
RMGR,IL2R,1,5348,NR
RMGR,PVPR,1,6543,VC
RMGR,PVPR,2,6544,VC
RMGR,RIFR,1,2694,NR
RMHL,RMGL,2,2788,NR
RMHL,RMGL,2,2789,NR
RMHL,RMGL,2,9519,NR
RMHL,RMGR,1,2699,NR
RMHR,OLQVR,1,9846,NR
RMHR,RICR,1,9034,NR
RMHR,RMGR,4,9521,NR
SAADL,RIVR,1,6056,VC
SAADL,RMDVR,1,9611,NR
SAADR,RIVL,2,6048,VC
SAADR,RMDDR,1,3566,NR
SAADR,RMFL,1,2781,NR
SAAVL,RMDVL,3,3534,NR
SAAVR,AVAR,1,3301,NR
SAAVR,DVA,1,9606,VC
SAAVR,RIAR,1,3324,NR
SAAVR,RMDVR,9,9610,NR
SAAVR,RMFL,1,2778,NR
SAAVR,SAAVL,1,3333,NR
SABD,AVAL,1,8941,VC
SABD,AVAL,1,8942,VC
SABD,AVAL,1,8944,VC
SABD,AVAL,1,8945,VC
SABD,AVAL,1,8946,VC
SABD,AVAL,2,8943,VC
SABVL,AVAR,2,6548,VC
SABVL,AVAR,13,6209,VC
SABVR,AVAL,8,6230,VC
SABVR,AVAR,1,6547,VC
SABVR,AVAR,1,9528,VC
SABVR,DA01,1,9914,VC
SABVR,DD01,1,9976,VC
SDQL,DVA,1,2859,NR
SDQL,FLPL,1,2851,NR
SDQR,AIBL,1,2798,NR
SDQR,ALMR,2,2799,NR
SDQR,AVBL,1,6074,VC
SDQR,DVA,1,6073,VC
SDQR,RIVL,1,2797,NR
SDQR,RIVL,1,9614,NR
SDQR,RIVL,3,9258,NR
SDQR,RIVR,1,2796,NR
SDQR,RIVR,1,6058,VC
SDQR,RIVR,1,9613,NR
SDQR,SAADL,1,2790,NR
SDQR,SDQL,2,2787,NR
SIADL,AVDR,1,2819,NR
SIADL,RIBL,1,2823,NR
SIADL,RIBL,1,2965,NR
SIADL,RIML,1,2964,NR
SIADL,RMDDR,1,2822,NR
SIADR,AIBL,1,2846,NR
SIADR,DVA,1,2845,NR
SIADR,FLPL,1,2835,NR
SIADR,RIBR,3,5369,NR
SIADR,RIMR,1,2844,NR
SIADR,SDQL,1,2836,NR
SIAVL.,AIBR,1,2880,NR
SIAVL.,AVHR,1,2877,NR
SIAVL.,RIAR,1,2868,NR
SIAVL.,RIBL,1,9269,NR
SIAVL.,RMDVR,1,9609,NR
SIAVR,DVA,1,2890,NR
SIAVR,RIAR,1,6093,VC
SIAVR,RIBR,2,2847,NR
SIAVR,RMDL,1,2891,NR
SIAVR,RMDVL,1,2888,NR
SIAVR,SDQR,1,2889,NR
SIBDL,ADEL,1,9804,NR
SIBDL,AVAR,1,9807,NR
SIBDL,AVDR,1,9791,NR
SIBDL,RIBL,6,9775,VC
SIBDL,SIAVL.,1,9837,NR
SIBDR,AIML,2,9788,NR
SIBDR,PVCR,1,9847,NR
SIBDR,RIBR,1,9796,NR
SIBDR,RIBR,6,9803,VC
SIBDR,RIVL,1,9789,NR
SIBVL,ADEL,1,9785,NR
SIBVL,AVBL,1,9784,VC
SIBVL,AVBL,2,9790,NR
SIBVL,AVBR,4,9774,NR
SIBVL,PVCR,1,9779,NR
SIBVL,SDQR,2,9794,NR
SIBVL,SIAVL.,2,9786,NR
SIBVL,SIBDL,13,9783,VC
SIBVR,AVBR,1,9797,NR
SIBVR,PVCR,1,9823,NR
SIBVR,RIBL,1,9827,NR
SIBVR,RIBL,1,9829,NR
SIBVR,RIBL,2,9805,NR
SIBVR,RIBL,2,9828,NR
SIBVR,RIBR,3,9792,NR
SIBVR,RMDDL,2,9780,NR
SIBVR,RMDVL,1,9778,NR
SIBVR,RMHL,2,9799,NR
SIBVR,RMHL,3,9808,NR
SIBVR,SIBDR,1,9798,VC
SIBVR,SIBDR,10,9800,VC
SIBVR,SIBVL,2,9776,NR
SIBVR,SIBVL,2,9781,NR
SMBDL,AVKL,2,5018,NR
SMBDL,AVKR,1,5020,NR
SMBDL,SAADL,1,2991,NR
SMBDL,SAADL,2,2818,NR
SMBDL,SAAVR,1,3123,NR
SMBDL,SIADL,1,2816,NR
SMBDL,SIADL,1,2817,NR
SMBDL,SIBDL,1,9806,NR
SMBDL,SIBVR,1,9793,NR
SMBDL,SIBVR,1,9822,NR
SMBDL,SIBVR,2,9777,NR
SMBDR,ALML,1,2834,NR
SMBDR,ALNL,1,3535,NR
SMBDR,ALNL,2,2940,NR
SMBDR,AVKL,2,5015,NR
SMBDR,AVKR,3,6106,VC
SMBDR,AVKR,6,5024,NR
SMBDR,RIBR,1,2902,NR
SMBDR,RIBR,1,5367,NR
SMBDR,SAAVL,1,2939,NR
SMBDR,SAAVL,1,3545,NR
SMBDR,SAAVL,1,9787,NR
SMBDR,SIADR,1,2900,NR
SMBDR,SIADR,1,2901,NR
SMBDR,SIADR,1,8983,VC
SMBVL,AVKL,1,6149,VC
SMBVL,AVKL,5,6130,VC
SMBVL,SAAVR,2,6126,VC
SMBVL,SAAVR,6,9773,VC
SMBVL,SAAVR,9,6105,VC
SMBVL,SIBDL,3,9838,NR
SMBVL,SIBVL,2,9795,NR
SMBVR,ADFR,1,1796,NR
SMBVR,AIMR,1,2417,NR
SMBVR,AVKL,2,5016,NR
SMBVR,AVKR,2,915,NR
SMBVR,AVKR,4,8985,VC
SMBVR,RMGR,1,2418,NR
SMBVR,RMGR,2,2419,NR
SMBVR,SAAVL,17,6061,VC
SMBVR,SIBDR,1,9782,NR
SMBVR,SMBDR,1,2205,NR
SMBVR,SMBDR,1,6063,VC
SMDDL,AIBR,1,2519,NR
SMDDL,AIBR,1,2520,NR
SMDDL,ALNR,1,2472,NR
SMDDL,RIAR,1,5547,NR
SMDDL,RIBL,3,5380,NR
SMDDL,RIBR,4,5377,NR
SMDDL,RIS,2,9271,NR
SMDDL,RMDDL,2,2473,NR
SMDDL,RMDDL,2,5347,NR
SMDDL,RMDL,1,2474,NR
SMDDL,RMDL,1,2475,NR
SMDDL,RMHL,1,2521,NR
SMDDL,SAAVR,1,2468,NR
SMDDL,SAAVR,1,2469,NR
SMDDL,SAAVR,1,2470,NR
SMDDL,SAAVR,1,2471,NR
SMDDL,SIBDL,1,9824,NR
SMDDL,SIBDL,1,9825,NR
SMDDL,SIBDL,1,9826,NR
SMDDR,AIBL,1,2415,NR
SMDDR,ALNL,2,2833,NR
SMDDR,AVER,1,2562,NR
SMDDR,RIBR,2,5379,NR
SMDDR,RIS,2,5548,NR
SMDDR,RIS,3,3428,NR
SMDDR,RMDDR,1,2560,NR
SMDDR,SIADR,1,2848,NR
SMDDR,SMBDR,1,2997,NR
SMDVL,ALNL,1,2196,NR
SMDVL,RIAL,1,2195,NR
SMDVL,RIAL,1,2626,NR
SMDVL,RIAL,2,2627,NR
SMDVL,RIS,2,3401,NR
SMDVL,RIVL,2,2628,NR
SMDVL,RMDVL,1,9904,NR
SMDVL,RMDVL,1,9943,NR
SMDVL,RMDVL,3,9904,NR
SMDVL,RMEV,1,4482,NR
SMDVL,SAAVL,2,2198,NR
SMDVL,SMDDR,1,9671,NR
SMDVR,ADFR,2,5703,NR
SMDVR,AVEL,1,5375,NR
SMDVR,RIAR,1,3327,NR
SMDVR,RIVR,1,10485,NR
SMDVR,RIVR,1,10487,NR
SMDVR,RIVR,1,10514,NR
SMDVR,RIVR,2,4470,NR
SMDVR,RIVR,2,10490,NR
SMDVR,RMDVR,1,9605,NR
SMDVR,RMDVR,7,6049,VC
URADR,IL2DR,1,5579,NR
URAVL.,CEPVL,1,7001,NR
URAVL.,CEPVL,2,7000,NR
URAVL.,IL2L,1,5595,NR
URAVL.,IL2VL,1,5360,NR
URAVL.,IL2VL,2,5463,NR
URAVL.,PVT,1,5345,NR
URAVL.,RIPL,1,4234,NR
URAVR,IL1VR,1,2031,NR
URAVR,IL1VR,1,5567,NR
URAVR,IL1VR,2,4468,NR
URBL,ADFL,1,1794,NR
URBL,AFDL,1,2393,NR
URBL,AFDL,1,5509,NR
URBL,AFDL,3,3717,NR
URBL,AFDL,4,2392,NR
URBL,IL1L,2,5555,NR
URBL,IL2L,2,2655,NR
URBL,IL2L,2,5574,NR
URBL,OLQDL,3,5585,NR
URBR,AFDR,2,2394,NR
URBR,IL2R,4,6999,NR
URBR,OLQDR,1,5355,NR
URBR,OLQDR,2,5354,NR
URBR,OLQDR,2,5356,NR
URBR,OLQDR,2,5543,NR
URBR,OLQVR,5,5587,NR
URBR,SMBVR,1,1966,NR
URXL,IL2L,1,9498,NR
URXL,RMGL,1,9304,NR
URXL,RMGL,2,5604,NR
URXR,AUAR,3,5605,NR
URXR,IL2R,2,5577,NR
URXR,IL2R,2,5655,NR
URXR,RICR,1,1894,NR
URXR,RMGR,1,1892,NR
URXR,RMGR,1,2693,NR
URXR,RMGR,1,2698,NR
URXR,RMGR,2,1891,NR
URYDL,AVAL,2,4483,NR
URYDL,RIGL,2,5606,NR
URYDL,RIGL,2,5607,NR
URYDR,AVAR,1,5612,NR
URYDR,AVAR,4,5610,NR
URYDR,RIGR,1,4764,NR
URYDR,RIGR,2,5611,NR
URYDR,URADR,1,2095,NR
URYVL,AVAR,1,9903,NR
URYVL,RIGL,3,4766,NR
URYVR,AVAL,2,1233,NR
VA01,AVAL,2,8989,VC
VA01,AVAL,3,6998,VC
VA01,AVAR,7,6997,VC
VA01,DA02,2,6625,VC
VA01,DA02,3,9556,VC
VA01,DA02,4,6627,VC
VA02,AVAL,1,6966,VC
VA02,AVAL,1,9562,VC
VA02,AVAL,1,9676,VC
VA02,AVAL,3,8990,VC
VA02,AVAL,7,6623,VC
VA02,DA03,1,6936,VC
VA02,PLNR,1,6147,VC
VA02,PLNR,1,6148,VC
VA02,SABD,2,6232,VC
VA02,SABD,2,8986,VC
VA02,SABD,4,6213,VC
VA02,SABD,4,6231,VC
VA03,AS01,1,6629,VC
VA03,AS01,1,9244,VC
VA03,AS01,1,10004,VC
VA03,AS02,2,6975,VC
VA03,AVAL,6,6699,VC
VA03,AVAR,1,7862,VC
VA03,AVAR,2,6952,VC
VA03,DA04,1,7857,VC
VA03,SABD,1,8982,VC
VA03,SABD,1,9675,VC
VA04,AS02,3,6962,VC
VA04,AS02,6,6963,VC
VA04,AVAL,1,9921,VC
VA04,AVAL,6,8171,VC
VA04,AVAR,3,6972,VC
VA05,AS01,3,6916,VC
VA05,AVAR,1,7541,VC
VA05,AVAR,2,7850,VC
VA05,AVAR,4,10088,VC
VA05,DA02,3,6925,VC
VA06,AVAL,1,6968,VC
VA06,AVAL,2,6969,VC
VA06,AVAL,2,7523,VC
VA06,AVAL,2,7547,VC
VA06,AVAL,2,7849,VC
VA06,AVAL,4,7678,VC
VA06,DA03,1,6964,VC
VA06,VA02,1,6965,VC
VA07,AVAL,2,7542,VC
VA07,AVAR,1,10473,VC
VA07,AVAR,2,10162,VC
VA07,AVAR,2,10472,VC
VA07,AVAR,3,7540,VC
VA07,VA04,1,7854,VC
VA08,AVAL,1,7213,VC
VA08,AVAL,1,7677,VC
VA08,AVAR,1,10160,VC
VA08,AVAR,1,10161,VC
VB01,AVBL,1,9977,VC
VB01,AVFR,1,6464,VC
VB01,DB02,1,9916,VC
VB01,SAAVR,1,9835,NR
VB01,SABD,1,6211,VC
VB01,SABD,2,6212,VC
VB01,SMDVL,6,6143,VC
VB02,AVBL,2,6550,VC
VB02,AVBL,5,6224,VC
VB02,AVBL,7,6549,VC
VB02,AVBR,6,6223,VC
VB02,VB01,1,9922,VC
VB02,VB01,2,6222,VC
VB03,AVBR,7,6939,VC
VB03,DB01,1,6934,VC
VB03,DB01,2,6636,VC
VB03,DB01,2,6695,VC
VB03,VA04,1,10030,VC
VB03,VB02,1,7921,VC
VB03,VB02,1,10031,VC
VB03,VB02,1,10087,VC
VB03,VB02,7,6955,VC
VB04,AVBL,3,8174,VC
VB04,AVBR,5,8173,VC
VB04,DB02,1,8175,VC
VB04,VB02,1,7675,VC
VB04,VB03,1,10086,VC
VB05,AVBL,3,7847,VC
VB05,AVBR,3,7848,VC
VB05,VB04,1,10116,VC
VB06,AVBL,1,7543,VC
VB06,AVBL,2,7544,VC
VB06,AVBR,4,7538,VC
VB06,DB03,1,7671,VC
VB07,AVBR,1,7268,VC
VB07,DB04,1,7526,VC
VB07,VB02,1,10117,VC
VB08,AVBL,4,10474,VC
VB08,AVBR,3,10475,VC
VC01,DD01,1,9563,VC
VC01,PVPR,1,6951,VC
VC02,VC01,1,7681,VC
VC02,VC01,1,9919,VC
VC02,VC01,2,6914,VC
VC02,VC01,2,7927,VC
VC02,VC01,2,8172,VC
VC02,VC01,2,10085,VC
VC02,VC01,3,9572,VC
VC02,VC02,1,9232,VC2
VC03,DD04,2,10159,VC
VC03,PVT,1,10094,VC
VC03,VC01,1,6697,VC
VC03,VC01,2,6923,VC
VC03,VC01,2,7009,VC
VC03,VC01,2,7855,VC
VC03,VC02,1,10093,VC
VC03,VC02,2,10089,VC
VC05,AVFL,1,9229,VC2
VC05,AVFR,1,10471,VC2
VC05,VC05,1,10335,LEF
VC05,VC05,1,10336,LEF
VD01,DD01,1,9918,VC
VD01,DVC,1,9910,VC
VD01,DVC,1,9911,VC
VD01,DVC,1,9913,VC
VD01,DVC,2,6210,VC
VD01,RIFL,1,9915,VC
VD01,RIGL,3,6490,VC
VD01,RIGR,2,6219,VC
VD01,SMDDR,5,8984,VC
VD01,VC02,1,6599,VC
VD02,DD01,1,8411,DC
VD02,DD01,1,10204,DC
VD02,DD01,1,10205,DC
VD02,VA02,1,6554,VC
VD02,VD01,1,8184,DC
VD02,VD01,1,9907,VC
VD02,VD01,1,9944,VC
VD02,VD01,2,8406,DC
VD02,VD01,2,8407,DC
VD02,VD01,4,9240,VC
VD02,VD01,7,8409,DC
VD02,VD01,8,8183,DC
VD02,"VD01,VD02",3,8408,DC
VD03,DD01,1,8418,DC
VD03,DD01,1,9560,DC
VD03,DD01,1,9570,DC
VD03,DD01,1,9941,DC
VD03,DD01,1,10207,DC
VD03,DD02,1,8887,DC
VD03,VA03,1,10029,VC
VD03,VD02,1,8415,DC
VD03,VD02,1,8416,DC
VD03,VD02,1,8947,DC
VD03,VD02,1,9920,VC
VD03,VD02,2,9243,VC
VD03,VD02,2,10206,DC
VD04,DD02,1,8831,DC
VD04,DD02,1,9561,DC
VD04,VD03,2,10210,DC
VD04,VD03,4,10209,DC
VD05,DD02,1,10215,DC
VD05,VD04,1,8835,DC
VD06,PDEL,2,7673,VC
VD06,VD05,2,8839,DC
VD06,VD05,2,10090,VC
VD06,VD05,3,10091,VC
VD06,VD05,3,10092,VC
VD07,VD06,8,7531,VC
VD07_old,VD06,1,8850,DC
VD07_old,VD06,1,10235,DC
VD07_old,VD06,5,10234,DC
VD08,VD07,1,10163,VC2
VD08,VD07,4,10237,VC2
[CANR],ALA,1,3543,NR
[SMDD.R]_incorrect,ASGL,2,3804,NR
[SMDD.R]_incorrect,ASJL,1,3805,NR
d-blue-25,VD01,1,8185,DC
dBWML1,GLRDL,1,9691,NR
dBWML1,GLRDL,1,9699,NR
dBWML1,GLRDL,2,9692,NR
dBWML2,GLRDL,1,5038,NR
dBWML2,GLRDL,1,9695,NR
dBWML2,GLRDL,1,9696,NR
dBWML2,GLRDL,1,9697,NR
dBWML2,GLRDL,1,9698,NR
dBWML6,GLRDL,2,5037,NR
dBWML9,VD02,1,8413,DC
dBWMR1,GLRDR,2,5043,NR
dBWMR1,GLRDR,3,9693,NR
dBWMR4,GLRR,2,9709,NR
dBWMR5,GLRR,3,5052,NR
dBWMR6,GLRDR,2,5042,NR
dBWMR7,GLRDL,1,5039,NR
dBWMR7,GLRDL,1,5040,NR
dBWMR7,GLRDL,1,5041,NR
dBWMR7,dBWMR6,2,9432,NR
dBWMR7,dBWMR6,6,9099,NR
exc_gl,ADFL,1,1792,NR
hyp,ADFR,2,1799,NR
hyp,ADLL,1,1801,NR
hyp,ASER,1,3787,NR
hyp,AVG,3,7520,VC
hyp,AVKL,1,8176,VC
hyp,VA02,1,6935,VC
obj,obj,1,10516,NR
seamL,AVEL,2,5409,NR
seamL,[SMDD.R]_incorrect,1,3704,NR
vBWML1,GLRL,2,5046,NR
vBWML1,GLRL,2,9690,NR
vBWMR8,DD01,2,6542,VC
vBWMR9,vBWMR8,2,6436,VC
vm2,VC03,1,10407,RIG
vm2,VC03,3,10408,RIG
